{"(13, 10, 0)": [1.3884113092594497, 1.0824503228960303], "(20, 8, 0)": [15.963580795525184, 0.4401694657110352], "(8, 10, 0)": [0.8981739355923118, 2.6999301259812283], "(18, 10, 0)": [0.6606212495650539, 0.4952553010815025], "(19, 3, 0)": [7.040170436245019, -0.46566054505038434], "(15, 5, 0)": [0.4117066465969039, 4.268960629032588], "(22, 5, 0)": [0, 0], "(12, 3, 0)": [0.41940110655191526, 2.6166512500568495], "(19, 9, 0)": [6.568101818636807, 2.5264027313581274], "(12, 10, 0)": [1.456817395656675, 3.2222472785827763], "(20, 10, 0)": [8.92116395261221, -0.4254073985267903], "(24, 10, 0)": [0, 0], "(13, 6, 1)": [5.369517845238866, 5.480097193372776], "(14, 9, 0)": [1.0919284695011422, 3.137916892910592], "(24, 9, 0)": [0, 0], "(13, 5, 0)": [1.680516079856405, 1.3817081576061125], "(21, 5, 0)": [17.757028210778465, -0.9999999999999997], "(16, 5, 0)": [0.4163496924384102, 0.24381132217339171], "(26, 5, 0)": [0, 0], "(4, 6, 0)": [3.3436809159736725, 5.2638136127924575], "(19, 7, 1)": [12.17635663113823, 9.6201168925556], "(12, 7, 0)": [3.6495853759125634, 6.214826349498799], "(16, 7, 0)": [1.4464290102953536, 6.128340470701827], "(18, 9, 0)": [0.7513409675964997, 3.0381813573531233], "(11, 9, 0)": [5.287313847294323, 4.8690142718568605], "(19, 10, 1)": [2.232298642868545, 1.774999235427135], "(14, 10, 0)": [-0.3498912162858183, 2.3090029636931177], "(23, 10, 0)": [0, 0], "(17, 1, 0)": [-0.9021110713457073, -0.5253429662970289], "(27, 1, 0)": [0, 0], "(8, 4, 0)": [2.8424109678767495, 2.640324115724285], "(12, 4, 0)": [0.7814530538820996, 0.8009559623285534], "(21, 6, 1)": [19.459316161721077, 7.622236067774818], "(20, 6, 0)": [15.030842166482568, 1.2317523148214695], "(8, 3, 0)": [2.599626645390185, 3.6188823983155656], "(27, 9, 0)": [0, 0], "(4, 2, 0)": [2.3131417662131133, 3.8837394514250785], "(14, 2, 0)": [0.5728456868313214, 0.8772289284855971], "(14, 3, 0)": [2.186540322831823, 3.0609620900680103], "(16, 1, 0)": [-0.7035761318929172, 1.2777063989843833], "(22, 1, 0)": [0, 0], "(7, 7, 0)": [3.9739281929188963, 4.965289815767662], "(15, 6, 0)": [1.4581502379757034, 0.5132891007302299], "(19, 5, 0)": [8.859483544169624, 1.1493484008847747], "(20, 1, 0)": [1.7557030370565694, -0.541009498791332], "(16, 6, 0)": [1.4553085209018475, 3.9281867752351727], "(22, 6, 0)": [0, 0], "(13, 6, 0)": [0.9633934526451897, 3.9427335504486636], "(15, 10, 0)": [0.23700516583114312, 0.20428139903330153], "(10, 3, 0)": [5.310342769971417, 8.747501880652859], "(13, 3, 0)": [1.8203201949528152, 0.8358066892585633], "(23, 3, 0)": [0, 0], "(17, 4, 0)": [-0.1289454569326167, 2.427481028201038], "(21, 4, 0)": [17.29740395617374, -0.9999999999999997], "(31, 4, 0)": [0, 0], "(11, 1, 0)": [1.5322528026724207, 1.5712347730497842], "(17, 10, 0)": [-0.512553800852688, 3.8862695837686583], "(15, 1, 0)": [-0.3367966064975589, 2.27239045592853], "(18, 9, 1)": [2.9856634245882336, 3.769419317670357], "(22, 9, 0)": [0, 0], "(20, 5, 1)": [14.044103079633981, 5.567048924320353], "(20, 3, 0)": [13.982191115414265, -0.8771810197785167], "(13, 7, 0)": [2.6505814140623465, 2.224611336318156], "(17, 3, 0)": [1.225840672324186, 2.9912613309137432], "(22, 3, 0)": [0, 0], "(16, 4, 0)": [0.18300999451561956, 0.41448416262329846], "(26, 4, 0)": [0, 0], "(20, 10, 1)": [8.542110225734623, 5.548230332245334], "(21, 6, 0)": [18.10462827375477, -0.9999999999999997], "(17, 7, 0)": [1.4584090210442517, 0.7589795242259402], "(23, 7, 0)": [0, 0], "(12, 1, 0)": [0.07797513783445448, 2.096861513189451], "(26, 7, 0)": [0, 0], "(21, 10, 1)": [18.180700424006943, 7.100030445426528], "(7, 10, 0)": [1.08958549233451, 2.49103582953397], "(6, 9, 0)": [2.740338973877606, 6.563361511268749], "(13, 5, 1)": [4.263389804076352, 6.240438519087256], "(22, 10, 0)": [0, 0], "(11, 3, 0)": [6.716827324669825, 7.936145344598455], "(15, 3, 0)": [0.05227574933182326, 2.6189937356041755], "(21, 3, 0)": [17.64951271245803, -0.9999999999999997], "(20, 2, 0)": [12.856067339202102, 0.027344128640677923], "(13, 9, 0)": [1.7058170901568792, 1.7680052955143164], "(20, 9, 0)": [15.889882553525727, 0.23113402273131964], "(19, 10, 0)": [2.183405120451864, -0.7928126532749704], "(21, 2, 0)": [17.420009654905293, -0.9999999999999997], "(19, 7, 0)": [13.961442819362581, -0.969359593955481], "(16, 2, 0)": [0.9584553755526048, 1.1071710640841863], "(10, 6, 0)": [4.5747371223795765, 4.204191883664489], "(13, 8, 0)": [1.056951575849878, 4.636700912302985], "(18, 8, 0)": [1.220707564715551, 0.7527634090870323], "(17, 10, 1)": [1.1496030432977418, 2.659556357833276], "(25, 10, 0)": [0, 0], "(5, 2, 0)": [1.9266455456920268, 2.243841807996004], "(20, 4, 0)": [12.345663360664798, -0.9995063771502207], "(30, 4, 0)": [0, 0], "(25, 1, 0)": [0, 0], "(17, 5, 0)": [1.8556310147558188, 1.2858538463802496], "(20, 5, 0)": [14.343706956249603, 4.564161807835351], "(30, 5, 0)": [0, 0], "(11, 10, 0)": [4.655951219886035, 7.160727772649694], "(27, 7, 0)": [0, 0], "(17, 2, 0)": [0.9200896423749454, 0.7539112840302156], "(18, 6, 0)": [4.251637103248686, -0.04843097525480024], "(25, 6, 0)": [0, 0], "(7, 5, 0)": [1.3697604319470393, 2.448515524118953], "(20, 4, 1)": [14.043716449547277, 9.030156915791359], "(9, 5, 0)": [4.704627263070909, 3.8815257925048687], "(10, 10, 0)": [3.5852019335244534, 3.686823803590129], "(15, 2, 0)": [-0.1530228958041094, 1.9574229597721833], "(25, 2, 0)": [0, 0], "(20, 7, 0)": [15.103775448826557, -0.9611866345368333], "(28, 10, 0)": [0, 0], "(8, 5, 0)": [1.4124499941047455, 2.9913378919940525], "(24, 5, 0)": [0, 0], "(18, 5, 1)": [5.032285706615778, 3.920979495785815], "(18, 5, 0)": [2.49008147981341, 1.9870068551674214], "(16, 10, 0)": [1.4206058583792442, 2.4636079815640946], "(7, 1, 0)": [0.2787230773528017, 0.6384895331717143], "(13, 1, 0)": [-0.07756309116392127, 2.1926960143180954], "(29, 10, 0)": [0, 0], "(21, 8, 1)": [19.651783660143316, 9.161527058592146], "(10, 2, 0)": [5.602697525171662, 8.95525996400157], "(18, 1, 0)": [0.1712300921528405, 0.9993474178957918], "(23, 1, 0)": [0, 0], "(18, 3, 0)": [1.8862452798038045, 2.06559385153501], "(17, 4, 1)": [3.2870361485259916, 3.5095159015713597], "(14, 7, 0)": [1.3521921517833027, 6.089829161611789], "(4, 3, 0)": [2.8439264103669473, 3.703754871409651], "(22, 2, 0)": [0, 0], "(18, 1, 1)": [0.4857134142367876, 1.0383024107808814], "(28, 2, 0)": [0, 0], "(17, 1, 1)": [0.7958286929199723, 1.0604446795687865], "(24, 8, 0)": [0, 0], "(17, 8, 1)": [4.512011727115333, 7.0682240159690775], "(18, 4, 0)": [2.391260028929676, 0.8702387087798923], "(27, 4, 0)": [0, 0], "(17, 8, 0)": [-0.007615342310385231, 0.5389772262257744], "(26, 8, 0)": [0, 0], "(16, 1, 1)": [0.10324859401952223, 0.9581442426236568], "(15, 7, 0)": [1.1034921699288975, 4.265838701095838], "(25, 7, 0)": [0, 0], "(4, 10, 0)": [1.130446992541994, 2.023510896715118], "(23, 5, 0)": [0, 0], "(8, 8, 0)": [3.1214738914040443, 4.991995211682542], "(12, 5, 0)": [3.473361047631358, 3.0613243510661743], "(19, 3, 1)": [7.399632985371431, 5.436597068473155], "(14, 8, 1)": [3.873471475210744, 8.184231221264628], "(14, 8, 0)": [1.5308729864314967, 7.470555233180088], "(9, 4, 0)": [4.175688939013601, 5.176715348555261], "(19, 4, 0)": [8.002765582202832, 1.9675562547646357], "(29, 4, 0)": [0, 0], "(30, 10, 0)": [0, 0], "(12, 9, 0)": [1.4793279340600909, 5.185378733393115], "(10, 5, 0)": [4.361447207828327, 7.052522785867331], "(21, 5, 1)": [19.73516885410704, 4.77132777741018], "(13, 1, 1)": [1.5599185527591157, 3.652866910827263], "(15, 1, 1)": [0.2748938456515352, 1.0908462231418161], "(23, 4, 0)": [0, 0], "(10, 4, 0)": [2.4925913964125996, 7.0626012668383975], "(9, 2, 0)": [3.957576412417876, 7.856066690880397], "(21, 10, 0)": [17.734352800346603, -0.9999999999999997], "(26, 10, 0)": [0, 0], "(16, 3, 0)": [2.896470224074301, 3.981032337695227], "(26, 3, 0)": [0, 0], "(5, 7, 0)": [3.6346302347501345, 4.877599383935654], "(12, 10, 1)": [2.759786480099921, 6.429535107471671], "(7, 9, 0)": [2.0150481138437906, 3.483143983403234],