{"0": [0.7350918906249974, 0.7737809374999975, 0.7737809374999975, 0.7350918906249974], "1": [0.7350918906249974, 0.0, 0.8145062499999981, 0.7737809374999975], "2": [0.7737809374999975, 0.8573749999999983, 0.7737809374999975, 0.8145062499999981], "6": [0.0, 0.902499999999999, 0.0, 0.8145062499999981], "7": [0, 0, 0, 0], "4": [0.7737809374999975, 0.8145062499999981, 0.0, 0.7350918906249974], "5": [0, 0, 0, 0], "8": [0.8145062499999981, 0.0, 0.8573749999999983, 0.7737809374999975], "9": [0.8145062499999981, 0.902499999999999, 0.902499999999999, 0.0], "3": [0.8145062499999981, 0.0, 0.7737809374999975, 0.7737809374999975], "12": [0, 0, 0, 0], "10": [0.8573749999999983, 0.9499999999999993, 0.0, 0.8573749999999983], "14": [0.902499999999999, 0.9499999999999993, 0.9999999999999997, 0.902499999999999], "13": [0.0, 0.902499999999999, 0.9499999999999993, 0.8573749999999983], "15": [0, 0, 0, 0], "11": [0, 0, 0, 0]}